#sample_dir	percent_mapped	accepted_hits_size	unmapped_size
/Data01/gnomex/Analysis/experiment/69R/Tophat_B2B69R--69X15	0.000100512706436203	18757	186594465
/Data01/gnomex/Analysis/experiment/69R/Tophat_B2B69R--69X25	0.000104015135387229	16721	160738730
/Data01/gnomex/Analysis/experiment/69R/Tophat_B2B69R--69X26	0.000105383571622628	16915	160491974
/Data01/gnomex/Analysis/experiment/69R/Tophat_B2B69R--69X34	0.000106261626271598	17257	162383796
/Data01/gnomex/Analysis/experiment/69R/Tophat_B2B69R--69X22	0.000106346102844866	18086	170049265
/Data01/gnomex/Analysis/experiment/69R/Tophat_B2B69R--69X14	0.000109521888208404	18793	171572478
/Data01/gnomex/Analysis/experiment/69R/Tophat_B2B69R--69X35	0.000111732870289242	17327	155057898
/Data01/gnomex/Analysis/experiment/69R/Tophat_B2B69R--69X38	0.000118668398456286	17736	149440757
/Data01/gnomex/Analysis/experiment/69R/Tophat_B2B69R--69X27	0.000123271232078625	17169	139261069
/Data01/gnomex/Analysis/experiment/69R/Tophat_B2B69R--69X17	0.000123463283447337	18366	148738410
/Data01/gnomex/Analysis/experiment/5R/Tophat_B2B5R--5X3	0.000125177217499539	17848	142564008
/Data01/gnomex/Analysis/experiment/69R/Tophat_B2B69R--69X32	0.000132177214828969	17904	135436607
/Data01/gnomex/Analysis/experiment/5R/Tophat_B2B5R--5X2	0.000132202689324984	17442	131916334
/Data01/gnomex/Analysis/experiment/69R/Tophat_B2B69R--69X30	0.000138436541763639	17511	126473658
/Data01/gnomex/Analysis/experiment/69R/Tophat_B2B69R--69X21	0.000139117870415242	18225	130985793
/Data01/gnomex/Analysis/experiment/7R/Tophat_B2B7R--7X2	0.000141334553244374	15564	110106127
/Data01/gnomex/Analysis/experiment/69R/Tophat_B2B69R--69X37	0.000142168410096776	18611	130889514
/Data01/gnomex/Analysis/experiment/116R/Tophat_B2B116R--116X8	0.000147575425338087	15371	104141537
/Data01/gnomex/Analysis/experiment/69R/Tophat_B2B69R--69X16	0.000148073823043007	18630	125796991
/Data01/gnomex/Analysis/experiment/7R/Tophat_B2B7R--7X1	0.000149814721014577	16187	108030605
/Data01/gnomex/Analysis/experiment/69R/Tophat_B2B69R--69X24	0.000149890923219046	18475	123237821
/Data01/gnomex/Analysis/experiment/69R/Tophat_B2B69R--69X31	0.000150764190548469	17987	119287532
/Data01/gnomex/Analysis/experiment/69R/Tophat_B2B69R--69X18	0.000154304866350246	18078	117139601
/Data01/gnomex/Analysis/experiment/69R/Tophat_B2B69R--69X28	0.000154722690315167	17492	113036385
/Data01/gnomex/Analysis/experiment/69R/Tophat_B2B69R--69X20	0.000160031767475081	17177	107317762
/Data01/gnomex/Analysis/experiment/69R/Tophat_B2B69R--69X29	0.000161944838723273	17491	107988421
/Data01/gnomex/Analysis/experiment/7R/Tophat_B2B7R--7X8	0.000162457956388568	16000	98471020
/Data01/gnomex/Analysis/experiment/69R/Tophat_B2B69R--69X19	0.000165452662273295	17555	106085301
/Data01/gnomex/Analysis/experiment/116R/Tophat_B2B116R--116X2	0.000167086995633514	15217	91057101
/Data01/gnomex/Analysis/experiment/69R/Tophat_B2B69R--69X33	0.000172383274283131	18707	108501102
/Data01/gnomex/Analysis/experiment/7R/Tophat_B2B7R--7X4	0.000177730171199146	14466	81378580
/Data01/gnomex/Analysis/experiment/7R/Tophat_B2B7R--7X3	0.00017992343008269	14382	79919621
/Data01/gnomex/Analysis/experiment/7R/Tophat_B2B7R--7X5	0.000187902940323656	15932	84772523
/Data01/gnomex/Analysis/experiment/7R/Tophat_B2B7R--7X7	0.000189538687291737	17050	89938200
/Data01/gnomex/Analysis/experiment/52R/Tophat_B2B52R--52X7	0.000194032533055823	19081	98320098
/Data01/gnomex/Analysis/experiment/70R/Tophat_B2B70R--70X1	0.000198023458932458	19376	97827617
/Data01/gnomex/Analysis/experiment/116R/Tophat_B2B116R--116X4	0.000211253506211511	16339	77326756
/Data01/gnomex/Analysis/experiment/7R/Tophat_B2B7R--7X6	0.000212386587997905	16261	76546954
/Data01/gnomex/Analysis/experiment/70R/Tophat_B2B70R--70X2	0.000215663066245472	18446	85513121
/Data01/gnomex/Analysis/experiment/133R/Tophat_B2B133R--133X7	0.000231818599796092	18010	77672046
/Data01/gnomex/Analysis/experiment/133R/Tophat_B2B133R--133X6	0.00024400252717917	18909	77476190
/Data01/gnomex/Analysis/experiment/70R/Tophat_B2B70R--70X3	0.000266440668488573	19193	72015606
/Data01/gnomex/Analysis/experiment/86R/Tophat_B2B86R--mm9--129SvEv-C57Bl6_Bef60c-het_E12.5--86X1	0.022763129289044	73328215	3148030943
/Data01/gnomex/Analysis/experiment/86R/Tophat_B2B86R--mm9--129SvEv-C57Bl6_Bef60c-het_E12.5--86X2	0.0227631295853394	73328216	3148030944
/Data01/gnomex/Analysis/experiment/77R/Tophat_B2B77R--mm9--129SvJ_LA_p0--77X6	0.0237733110998258	44435784	1824709991
/Data01/gnomex/Analysis/experiment/92R/Tophat_B2B92R--mm9--129SvEv-C57Bl9_Ventricle_Baf60cKO_P10--92X4	0.263321649454248	507368645	1419433219
/Data01/gnomex/Analysis/experiment/76R/Tophat_B2B76R--mm9--129SvJ_PV--76X5	0.278032928817393	789270381	2049495460
/Data01/gnomex/Analysis/experiment/76R/Tophat_B2B76R--mm9--129SvJ_AV--76X2	0.284077940008784	699452295	1762732185
/Data01/gnomex/Analysis/experiment/144R/Tophat_B2B114R--gg4--HH18-20_heart--144X3	0.290441921163298	1300053137	3176067706
/Data01/gnomex/Analysis/experiment/144R/Tophat_B2B114R--gg4--HH18-20_heart--144X2	0.305945093718623	1325815558	3007692595
/Data01/gnomex/Analysis/experiment/69R/Tophat_B2B69R--69X1	0.308379770815174	478212625	1072513688
/Data01/gnomex/Analysis/experiment/144R/Tophat_B2B114R--gg4--HH18-20_heart--144X1	0.318260084888082	997304771	2136310842
/Data01/gnomex/Analysis/experiment/144R/Tophat_B2B114R--gg4--HH30+_heart--144X7	0.339463658571475	1348327326	2623606906
/Data01/gnomex/Analysis/experiment/144R/Tophat_B2B114R--gg4--HH30+_heart--144X8	0.345431788316277	1425791550	2701771686
/Data01/gnomex/Analysis/experiment/144R/Tophat_B2B114R--gg4--HH25_heart--144X5	0.34887170770563	1009138188	1883438555
/Data01/gnomex/Analysis/experiment/144R/Tophat_B2B114R--gg4--HH30+_heart--144X9	0.359408847576623	1398128842	2491950246
/Data01/gnomex/Analysis/experiment/144R/Tophat_B2B114R--gg4--HH25_heart--144X6	0.365499589385433	1659609242	2881050420
/Data01/gnomex/Analysis/experiment/39R/Tophat_B2B39R--mm9--129SvJ_WT_PT--39X11	0.36710105687807	1362983190	2349845102
/Data01/gnomex/Analysis/experiment/41R/Tophat_B2B41R--mm9--129SvJ_WT_PT--41X11	0.368153431896298	1362992823	2339248430
/Data01/gnomex/Analysis/experiment/76R/Tophat_B2B76R--mm9--129SvJ_TV--76X8	0.378098021813556	788150517	1296363211
/Data01/gnomex/Analysis/experiment/144R/Tophat_B2B114R--gg4--HH25_heart--144X4	0.382447120408587	1776449899	2868505715
/Data01/gnomex/Analysis/experiment/76R/Tophat_B2B76R--mm9--129SvJ_MV--76X3	0.390658034804288	904381554	1410639445
/Data01/gnomex/Analysis/experiment/39R/Tophat_B2B39R--mm9--129SvJ_MT_AT--39X5	0.4079654324893	1240337366	1799962785
/Data01/gnomex/Analysis/experiment/41R/Tophat_B2B41R--mm9--129SvJ_MT_AT--41X5	0.408942408491172	1240373143	1792751124
/Data01/gnomex/Analysis/experiment/39R/Tophat_B2B39R--mm9--129SvJ_MT_PT--39X7	0.411201718436915	1787849819	2560015812
/Data01/gnomex/Analysis/experiment/41R/Tophat_B2B41R--mm9--129SvJ_MT_PT--41X7	0.412283850409273	1787931885	2548720844
/Data01/gnomex/Analysis/experiment/39R/Tophat_B2B39R--mm9--129SvJ_MT_AV--39X6	0.427824743324629	1868700900	2499211263
/Data01/gnomex/Analysis/experiment/41R/Tophat_B2B41R--mm9--129SvJ_MT_AV--41X6	0.428952462256275	1868801563	2487862001
/Data01/gnomex/Analysis/experiment/39R/Tophat_B2B39R--mm9--129SvJ_MT_PV--39X8	0.437963220398313	1593294776	2044670016
/Data01/gnomex/Analysis/experiment/41R/Tophat_B2B41R--mm9--129SvJ_MT_PV--41X8	0.43898698646212	1593337313	2036240242
/Data01/gnomex/Analysis/experiment/39R/Tophat_B2B39R--mm9--129SvJ_WT_AT--39X9	0.452463894813313	1502018974	1817624850
/Data01/gnomex/Analysis/experiment/41R/Tophat_B2B41R--mm9--129SvJ_WT_AT--41X9	0.453769635056181	1502026059	1808080971
/Data01/gnomex/Analysis/experiment/52R/Tophat_B2B52R--mm9--129SvEv-C57Bl6_RV_WT_P1--52X5	0.454514671219753	1336574133	1604088111
/Data01/gnomex/Analysis/experiment/39R/Tophat_B2B39R--mm9--129SvJ_WT_AV--39X10	0.470079026836834	1196084282	1348348066
/Data01/gnomex/Analysis/experiment/41R/Tophat_B2B41R--mm9--129SvJ_WT_AV--41X10	0.471249887476865	1196194642	1342150032
/Data01/gnomex/Analysis/experiment/52R/Tophat_B2B52R--mm9--129SvEv-C57Bl6_RV_EZh2KO_P1--52X11	0.47128372080201	1100940875	1235106025
/Data01/gnomex/Analysis/experiment/39R/Tophat_B2B39R--mm9--129SvJ_WT_PV--39X12	0.47486115557216	1870604289	2068661467
/Data01/gnomex/Analysis/experiment/41R/Tophat_B2B41R--mm9--129SvJ_WT_PV--41X12	0.475662381652091	1870485390	2061894933
/Data01/gnomex/Analysis/experiment/39R/Tophat_B2B39R--mm9--129SvJ_LV_WT--39X4	0.518091996559925	1065649776	991223874
/Data01/gnomex/Analysis/experiment/41R/Tophat_B2B41R--mm9--129SvJ_LV_WT--41X4	0.518639275421053	1065695903	989096230
/Data01/gnomex/Analysis/experiment/53R/Tophat_B2B53R--mm9--129SvEv-C57Bl6_NKX25_TBX5_DKO_CM--53X5	0.538154706635568	2641108980	2266604262
/Data01/gnomex/Analysis/experiment/53R/Tophat_B2B53R--mm9--129SvEv-C57Bl6_TBX5KO_CM--53X14	0.546089404952409	2094894173	1741280186
/Data01/gnomex/Analysis/experiment/53R/Tophat_B2B53R--mm9--129SvEv-C57Bl6_NKX25_TBX5_DKO_CP--53X8	0.546515928849309	2367415887	1964417390
/Data01/gnomex/Analysis/experiment/77R/Tophat_B2B77R--mm9--129SvJ_RA_p0--77X1	0.548175362551414	1092537927	900506638
/Data01/gnomex/Analysis/experiment/77R/Tophat_B2B77R--mm9--129SvJ_LV_p0--77X2	0.548224068415515	1082514816	892069808
/Data01/gnomex/Analysis/experiment/39R/Tophat_B2B39R--mm9--129SvJ_LV_MT--39X2	0.552002774114739	870628771	706589337
/Data01/gnomex/Analysis/experiment/41R/Tophat_B2B41R--mm9--129SvJ_LV_MT--41X2	0.552844301151543	870684299	704233444
/Data01/gnomex/Analysis/experiment/39R/Tophat_B2B39R--mm9--129SvJ_LV_WT--39X3	0.554335883914619	1156833975	930048741
/Data01/gnomex/Analysis/experiment/41R/Tophat_B2B41R--mm9--129SvJ_LV_WT--41X3	0.555078806910845	1156765271	927200567
/Data01/gnomex/Analysis/experiment/77R/Tophat_B2B77R--mm9--129SvJ_RV_p0--77X4	0.555408771204286	884170325	707756866
/Data01/gnomex/Analysis/experiment/53R/Tophat_B2B53R--mm9--129SvEv-C57Bl6_NKX25_TBX5_DKO_CM--53X6	0.555702831951146	2337952844	1869246957
/Data01/gnomex/Analysis/experiment/77R/Tophat_B2B77R--mm9--129SvJ_LV_E14.5--77X7	0.560077296957848	1105190046	868091235
/Data01/gnomex/Analysis/experiment/77R/Tophat_B2B77R--mm9--129SvJ_RA_E14.5--77X3	0.561378886211843	1176868340	919520336
/Data01/gnomex/Analysis/experiment/77R/Tophat_B2B77R--mm9--129SvJ_RV_E14.5--77X8	0.562313794938587	1106399514	861184287
/Data01/gnomex/Analysis/experiment/39R/Tophat_B2B39R--mm9--129SvJ_LV_MT--39X1	0.563726940547561	1201005648	929468455
/Data01/gnomex/Analysis/experiment/77R/Tophat_B2B77R--mm9--129SvJ_LA_E14.5--77X5	0.563863670592805	1141629665	883025805
/Data01/gnomex/Analysis/experiment/41R/Tophat_B2B41R--mm9--129SvJ_LV_MT--41X1	0.564511764540599	1201023245	926520095
/Data01/gnomex/Analysis/experiment/77R/Tophat_B2B77R--mm9--129SvJ_LA_P3--77X15	0.569600142125011	1101346289	832196573
/Data01/gnomex/Analysis/experiment/92R/Tophat_B2B92R--mm9--129SvEv-C57Bl8_Ventricle_Baf60cKO_P10--92X3	0.571497220697496	1892749261	1419164065
/Data01/gnomex/Analysis/experiment/52R/Tophat_B2B52R--mm9--129SvEv-C57Bl6_RV_WT_P1--52X1	0.575972924291597	195419022	143866062
/Data01/gnomex/Analysis/experiment/77R/Tophat_B2B77R--mm9--129SvJ_RA_P3--77X12	0.580173857780929	1143909218	827757038
/Data01/gnomex/Analysis/experiment/77R/Tophat_B2B77R--mm9--129SvJ_RA_P10--77X14	0.580277437804459	913949426	661072049
/Data01/gnomex/Analysis/experiment/92R/Tophat_B2B92R--mm9--129SvEv-C57Bl7_Ventricle_WT_P10--92X2	0.598322756384434	1806662497	1212882519
/Data01/gnomex/Analysis/experiment/77R/Tophat_B2B77R--mm9--129SvJ_LV_P10--77X9	0.600949285192469	1095731538	727602918
/Data01/gnomex/Analysis/experiment/91R/Tophat_B2B91R--mm9--129SvEv-C57Bl6_Tbx5_Nkx25_DKO_CM--91X1	0.604957964177743	4315395420	2817985204
/Data01/gnomex/Analysis/experiment/52R/Tophat_B2B52R--mm9--129SvEv-C57Bl6_RV_EZh2KO_P1--52X7	0.606300850753206	165661578	107571715
/Data01/gnomex/Analysis/experiment/77R/Tophat_B2B77R--mm9--129SvJ_LA_P10--77X10	0.609641390162198	1107073106	708868403
/Data01/gnomex/Analysis/experiment/53R/Tophat_B2B53R--mm9--129SvEv-C57Bl6_NKX25KO_CM--53X9	0.615854985133281	1975004819	1231926791
/Data01/gnomex/Analysis/experiment/53R/Tophat_B2B53R--mm9--129SvEv-C57Bl6_WT_CM--53X1	0.61795315781844	2612814449	1615361127
/Data01/gnomex/Analysis/experiment/53R/Tophat_B2B53R--mm9--129SvEv-C57Bl6_WT_CP--53X4	0.619692485123588	2390506975	1467062759
/Data01/gnomex/Analysis/experiment/77R/Tophat_B2B77R--mm9--129SvJ_LV_P3--77X11	0.622956177915508	1111594964	672792130
/Data01/gnomex/Analysis/experiment/77R/Tophat_B2B77R--mm9--129SvJ_RV_P10--77X16	0.623340866158179	1040215672	628559357
/Data01/gnomex/Analysis/experiment/53R/Tophat_B2B53R--mm9--129SvEv-C57Bl6_NKX25KO_CM--53X10	0.625072695439316	2129722745	1277437351
/Data01/gnomex/Analysis/experiment/53R/Tophat_B2B53R--mm9--129SvEv-C57Bl6_NKX25_TBX5_DKO_CP--53X7	0.630350721912414	2293385398	1344883455
/Data01/gnomex/Analysis/experiment/92R/Tophat_B2B92R--mm9--129SvEv-C57Bl6_Ventricle_WT_P10--92X1	0.638149900230898	1840648248	1043702666
/Data01/gnomex/Analysis/experiment/77R/Tophat_B2B77R--mm9--129SvJ_RV_P3--77X13	0.651397855507895	857980795	459157092
/Data01/gnomex/Analysis/experiment/53R/Tophat_B2B53R--mm9--129SvEv-C57Bl6_WT_CP--53X3	0.653231233917625	3077890405	1633902671
/Data01/gnomex/Analysis/experiment/53R/Tophat_B2B53R--mm9--129SvEv-C57Bl6_WT_CM--53X2	0.655980500526732	3206707690	1681711535
/Data01/gnomex/Analysis/experiment/52R/Tophat_B2B52R--mm9--129SvEv-C57Bl6_RV_WT_P1--52X3	0.656612419041863	202734965	106023991
/Data01/gnomex/Analysis/experiment/53R/Tophat_B2B53R--mm9--129SvEv-C57Bl6_NKX25KO_CP--53X12	0.680702535070853	1915636217	898568400
/Data01/gnomex/Analysis/experiment/52R/Tophat_B2B52R--mm9--129SvEv-C57Bl6_RV_EZh2KO_P1--52X9	0.683091335516901	166790298	77379536
/Data01/gnomex/Analysis/experiment/53R/Tophat_B2B53R--mm9--129SvEv-C57Bl6_TBX5KO_CP--53X16	0.683332883100029	2029863553	940670433
/Data01/gnomex/Analysis/experiment/53R/Tophat_B2B53R--mm9--129SvEv-C57Bl6_NKX25KO_CP--53X11	0.689027088853269	1766825122	797406605
/Data01/gnomex/Analysis/experiment/53R/Tophat_B2B53R--mm9--129SvEv-C57Bl6_TBX5KO_CP--53X15	0.689620004728734	2027453854	912504152
/Data01/gnomex/Analysis/experiment/91R/Tophat_B2B91R--mm9--129SvEv-C57Bl6_Tbx5_Nkx25_DKO_CP--91X3	0.697552263251558	4509225407	1955129516
/Data01/gnomex/Analysis/experiment/91R/Tophat_B2B91R--mm9--129SvEv-C57Bl6_Tbx5_Nkx25_DKO_CP--91X2	0.705167007577017	4661007239	1948784752
/Data01/gnomex/Analysis/experiment/107R/Tophat_B2B107R--107X15	0.736813276618151	835944448	298595977
/Data01/gnomex/Analysis/experiment/117R/Tophat_B2B117R--mm9--129SvJ_E9.5_Outflowtract--117X6	0.770118114434368	4326892981	1291586704
/Data01/gnomex/Analysis/experiment/111R/Tophat_B2B111R--111X16	0.781923042096428	918453780	256155140
/Data01/gnomex/Analysis/experiment/111R/Tophat_B2B111R--111X14	0.787367308922572	706560887	190810491
/Data01/gnomex/Analysis/experiment/111R/Tophat_B2B111R--111X10	0.788414167911325	869277625	233287068
/Data01/gnomex/Analysis/experiment/111R/Tophat_B2B111R--111X12	0.793501165695667	829400017	215841065
/Data01/gnomex/Analysis/experiment/111R/Tophat_B2B111R--111X5	0.802642220149676	891963221	219320485
/Data01/gnomex/Analysis/experiment/111R/Tophat_B2B111R--111X15	0.80619101382141	903203167	217130788
/Data01/gnomex/Analysis/experiment/111R/Tophat_B2B111R--111X1	0.809524249670531	833689677	196161717
/Data01/gnomex/Analysis/experiment/117R/Tophat_B2B117R--mm9--129SvJ_E9.5_Ventricle--117X3	0.810596179684952	4034277862	942648952
/Data01/gnomex/Analysis/experiment/111R/Tophat_B2B111R--111X7	0.811711351080763	736051012	170738096
/Data01/gnomex/Analysis/experiment/111R/Tophat_B2B111R--111X13	0.81740349669863	703564270	157166413
/Data01/gnomex/Analysis/experiment/111R/Tophat_B2B111R--111X9	0.817680990933781	865185819	192911200
/Data01/gnomex/Analysis/experiment/111R/Tophat_B2B111R--111X11	0.820494949283794	825661839	180635445
/Data01/gnomex/Analysis/experiment/111R/Tophat_B2B111R--111X3	0.823369722201655	795332082	170615609
/Data01/gnomex/Analysis/experiment/117R/Tophat_B2B117R--mm9--129SvJ_E9.5_Atria--117X1	0.838848800515294	4141828620	795686481
/Data01/gnomex/Analysis/experiment/116R/Tophat_B2B116R--116X3	0.874191417342402	657600840	94638117
/Data01/gnomex/Analysis/experiment/116R/Tophat_B2B116R--116X7	0.880080869489604	694418769	94620958
/Data01/gnomex/Analysis/experiment/107R/Tophat_B2B107R--107X13	0.892518820024907	1721622184	207325582
/Data01/gnomex/Analysis/experiment/116R/Tophat_B2B116R--116X10	0.906538254914636	634309550	65395671
/Data01/gnomex/Analysis/experiment/116R/Tophat_B2B116R--116X5	0.934386737902707	777427623	54591488
/Data01/gnomex/Analysis/experiment/133R/Tophat_B2B133R--133X25	1.06112067015153e-05	17308	1631088417
/Data01/gnomex/Analysis/experiment/133R/Tophat_B2B133R--133X24	1.12202048417776e-05	16789	1496301704
/Data01/gnomex/Analysis/experiment/133R/Tophat_B2B133R--133X28	1.15422713484706e-05	16427	1423186988
/Data01/gnomex/Analysis/experiment/133R/Tophat_B2B133R--133X26	1.22813217069971e-05	17884	1456177176
/Data01/gnomex/Analysis/experiment/133R/Tophat_B2B133R--133X21	1.24887135389374e-05	17232	1379788618
/Data01/gnomex/Analysis/experiment/133R/Tophat_B2B133R--133X31	1.25921664772625e-05	16284	1293168652
/Data01/gnomex/Analysis/experiment/50R/Tophat_B2B50R--50X1	1.29105045085495e-05	19704	1526179368
/Data01/gnomex/Analysis/experiment/133R/Tophat_B2B133R--133X27	1.3348898672554e-05	17786	1332376776
/Data01/gnomex/Analysis/experiment/133R/Tophat_B2B133R--133X13	1.38748287897897e-05	13347	961944469
/Data01/gnomex/Analysis/experiment/117R/Tophat_B2B117R--117X5	1.513743572145e-05	16714	1104133309
/Data01/gnomex/Analysis/experiment/133R/Tophat_B2B133R--133X23	1.52064241783492e-05	16788	1103990295
/Data01/gnomex/Analysis/experiment/133R/Tophat_B2B133R--133X30	1.52530796128077e-05	17504	1147554032
/Data01/gnomex/Analysis/experiment/133R/Tophat_B2B133R--133X17	1.57404351572199e-05	16986	1079114552
/Data01/gnomex/Analysis/experiment/92R/Tophat_B2B92R--92X1	1.72881576333918e-05	18768	1085579848
/Data01/gnomex/Analysis/experiment/50R/Tophat_B2B50R--50X2	1.73878185578674e-05	20218	1162747839
/Data01/gnomex/Analysis/experiment/133R/Tophat_B2B133R--133X29	1.75613017617431e-05	17779	1012378696
/Data01/gnomex/Analysis/experiment/163R/Tophat_B2B163R--163X6	1.81026843046238e-05	18105	1000109815
/Data01/gnomex/Analysis/experiment/133R/Tophat_B2B133R--133X20	1.9274645358503e-05	17098	887054995
/Data01/gnomex/Analysis/experiment/163R/Tophat_B2B163R--163X5	1.93663306968251e-05	18956	978793205
/Data01/gnomex/Analysis/experiment/107R/Tophat_B2B107R--107X9	2.00572782792588e-05	23294	1161350631
/Data01/gnomex/Analysis/experiment/133R/Tophat_B2B133R--133X16	2.01149009657034e-05	17125	851341777
/Data01/gnomex/Analysis/experiment/107R/Tophat_B2B107R--107X10	2.16568352146946e-05	23611	1090209554
/Data01/gnomex/Analysis/experiment/107R/Tophat_B2B107R--107X12	2.16577524298137e-05	23612	1090209554
/Data01/gnomex/Analysis/experiment/107R/Tophat_B2B107R--107X11	2.27281303623356e-05	23210	1021178254
/Data01/gnomex/Analysis/experiment/133R/Tophat_B2B133R--133X18	2.37646873693631e-05	16319	686674810
/Data01/gnomex/Analysis/experiment/163R/Tophat_B2B163R--163X10	2.8566286760074e-05	20360	712707905
/Data01/gnomex/Analysis/experiment/163R/Tophat_B2B163R--163X9	2.89058365721795e-05	20596	712499865
/Data01/gnomex/Analysis/experiment/163R/Tophat_B2B163R--163X12	2.94123446908767e-05	20003	680068586
/Data01/gnomex/Analysis/experiment/163R/Tophat_B2B163R--163X14	2.986418518599e-05	20976	702358810
/Data01/gnomex/Analysis/experiment/163R/Tophat_B2B163R--163X11	3.16077747331979e-05	20764	656906216
/Data01/gnomex/Analysis/experiment/69R/Tophat_B2B69R--69X8	3.22937657297215e-05	18030	558294065
/Data01/gnomex/Analysis/experiment/163R/Tophat_B2B163R--163X13	3.69546702393553e-05	20008	541400058
/Data01/gnomex/Analysis/experiment/69R/Tophat_B2B69R--69X4	3.71277246558615e-05	18005	484929569
/Data01/gnomex/Analysis/experiment/69R/Tophat_B2B69R--69X5	3.87276158146869e-05	17712	457330349
/Data01/gnomex/Analysis/experiment/29R/Tophat_B2B29R--29X1	3.92557899794541e-05	15061	383648088
/Data01/gnomex/Analysis/experiment/163R/Tophat_B2B163R--163X1	4.02273340875992e-05	21171	526262772
/Data01/gnomex/Analysis/experiment/163R/Tophat_B2B163R--163X2	4.35486032912666e-05	20525	471291950
/Data01/gnomex/Analysis/experiment/107R/Tophat_B2B107R--107X16	4.74877958815035e-05	19573	412149483
/Data01/gnomex/Analysis/experiment/107R/Tophat_B2B107R--107X7	4.77904817497827e-05	17443	364971554
/Data01/gnomex/Analysis/experiment/133R/Tophat_B2B133R--133X2	4.82155582419768e-05	17451	361919663
/Data01/gnomex/Analysis/experiment/69R/Tophat_B2B69R--69X3	4.82883252264306e-05	18658	386368733
/Data01/gnomex/Analysis/experiment/69R/Tophat_B2B69R--69X2	4.85426536214523e-05	18113	373117648
/Data01/gnomex/Analysis/experiment/69R/Tophat_B2B69R--69X6	4.8854109313264e-05	17465	357475492
/Data01/gnomex/Analysis/experiment/107R/Tophat_B2B107R--107X5	4.95137557938025e-05	17968	362871086
/Data01/gnomex/Analysis/experiment/69R/Tophat_B2B69R--69X12	5.16398132844737e-05	18245	353294419
/Data01/gnomex/Analysis/experiment/69R/Tophat_B2B69R--69X10	5.19536224391709e-05	18033	347079997
/Data01/gnomex/Analysis/experiment/69R/Tophat_B2B69R--69X9	5.24619278633894e-05	18184	346595079
/Data01/gnomex/Analysis/experiment/163R/Tophat_B2B163R--163X3	5.32455863929732e-05	20511	385194516
/Data01/gnomex/Analysis/experiment/107R/Tophat_B2B107R--107X8	5.35058247102922e-05	18020	336767743
/Data01/gnomex/Analysis/experiment/107R/Tophat_B2B107R--107X6	5.39032751754441e-05	18972	351944799
/Data01/gnomex/Analysis/experiment/69R/Tophat_B2B69R--69X11	5.51489105710889e-05	16909	306589329
/Data01/gnomex/Analysis/experiment/133R/Tophat_B2B133R--133X8	5.56114553053966e-05	18186	327000769
/Data01/gnomex/Analysis/experiment/133R/Tophat_B2B133R--133X3	5.56492152829445e-05	17721	318423427
/Data01/gnomex/Analysis/experiment/163R/Tophat_B2B163R--163X4	5.58182519605997e-05	20388	365236482
/Data01/gnomex/Analysis/experiment/133R/Tophat_B2B133R--133X5	5.74555266337255e-05	16359	284708209
/Data01/gnomex/Analysis/experiment/133R/Tophat_B2B133R--133X32	5.82380719156774e-06	13831	2374893089
/Data01/gnomex/Analysis/experiment/69R/Tophat_B2B69R--69X13	5.82990875466129e-05	19375	332318588
/Data01/gnomex/Analysis/experiment/107R/Tophat_B2B107R--107X3	5.89325146683877e-05	18217	309098068
/Data01/gnomex/Analysis/experiment/133R/Tophat_B2B133R--133X11	5.89360311424801e-05	18894	320565978
/Data01/gnomex/Analysis/experiment/107R/Tophat_B2B107R--107X14	6.07212968090515e-05	17948	295562037
/Data01/gnomex/Analysis/experiment/117R/Tophat_B2B117R--117X4	6.28016880694106e-05	17600	280229644
/Data01/gnomex/Analysis/experiment/107R/Tophat_B2B107R--107X4	6.29207050604142e-05	18451	293223654
/Data01/gnomex/Analysis/experiment/107R/Tophat_B2B107R--107X1	6.29355733412534e-05	19022	302226576
/Data01/gnomex/Analysis/experiment/133R/Tophat_B2B133R--133X9	6.40009575571285e-05	17581	274681434
/Data01/gnomex/Analysis/experiment/69R/Tophat_B2B69R--69X7	6.46518288929555e-05	18603	287722677
/Data01/gnomex/Analysis/experiment/28R/Tophat_B2B28R--28X1	6.5054677406535e-06	16979	2609941394
/Data01/gnomex/Analysis/experiment/133R/Tophat_B2B133R--133X14	6.55719963306484e-05	17028	259666998
/Data01/gnomex/Analysis/experiment/111R/Tophat_B2B111R--111X6	6.77347669773197e-05	17493	258239836
/Data01/gnomex/Analysis/experiment/107R/Tophat_B2B107R--107X2	6.7773986584342e-05	19551	288453962
/Data01/gnomex/Analysis/experiment/163R/Tophat_B2B163R--163X16	6.90876148100068e-06	21021	3042637212
/Data01/gnomex/Analysis/experiment/163R/Tophat_B2B163R--163X15	6.92171595609496e-06	19762	2855052611
/Data01/gnomex/Analysis/experiment/133R/Tophat_B2B133R--133X12	7.15758590225841e-05	17850	249367910
/Data01/gnomex/Analysis/experiment/133R/Tophat_B2B133R--133X15	7.47747803771477e-06	16026	2143219958
/Data01/gnomex/Analysis/experiment/163R/Tophat_B2B163R--163X8	7.75839909283828e-06	18822	2425997135
/Data01/gnomex/Analysis/experiment/111R/Tophat_B2B111R--111X2	7.83749596522547e-05	17605	224607710
/Data01/gnomex/Analysis/experiment/116R/Tophat_B2B116R--116X6	8.18937059939766e-05	16768	204736452
/Data01/gnomex/Analysis/experiment/111R/Tophat_B2B111R--111X4	8.2733227955727e-05	17053	206103274
/Data01/gnomex/Analysis/experiment/116R/Tophat_B2B116R--116X1	8.32142121832744e-05	15646	188005121
/Data01/gnomex/Analysis/experiment/69R/Tophat_B2B69R--69X23	8.54985819590006e-05	17557	205330878
/Data01/gnomex/Analysis/experiment/111R/Tophat_B2B111R--111X8	8.83405953666457e-05	17680	200116810
/Data01/gnomex/Analysis/experiment/133R/Tophat_B2B133R--133X22	9.1746951046218e-06	13821	1506412261
/Data01/gnomex/Analysis/experiment/69R/Tophat_B2B69R--69X36	9.210302776463e-05	18284	198498534
/Data01/gnomex/Analysis/experiment/116R/Tophat_B2B116R--116X9	9.32592278486658e-05	12338	132285562
/Data01/gnomex/Analysis/experiment/133R/Tophat_B2B133R--133X19	9.54498640494276e-06	15181	1590453297
/Data01/gnomex/Analysis/experiment/133R/Tophat_B2B133R--133X4	9.87392272538583e-05	17553	177753739
